treat	mean
B100	10.530982
KT50	8.363182
T10	6.217309
T35	5.676166
KT10	5.407146
T50	4.440884
T100	2.936647
KT35	2.794554
KT100	0.000000