treatment	mean	groups
B100	10.530982	a
KT50	8.363182	ab
T10	6.217309	ab
T35	5.676166	abc
KT10	5.407146	abc
T50	4.440884	bc
T100	2.936647	bc
KT35	2.794554	bc
KT100	0.000000	c